Height of Entrance,Height of the middle of the vault,Angle of Opening in Degree,Truss frequency along the length,Truss frequency space along the width,Truss depth,Number of elements,Number of joints,Total length of elements,Length of the longest member,Maximum displacement,Structure mass
16,38,19,47,10,-2.7,3760,998,15311.4222740335,7.92523258721282,1.72182132333984,71801.0395627239
29,34,27,38,4,-2.5,1216,347,10108.6480259045,20.9714555638385,2.99961161328317,72882.847404149
17,24,39,39,3,-1.8,936,277,7422.25207008191,17.1628935763404,2.25350204049617,45244.1221469585
15,30,44,26,11,-2.3,2288,610,9630.58111370794,5.79477588367932,2.937914032057,37600.2092195924
20,20,31,17,4,-2.3,544,158,4271.2425995724,15.1132270917167,2.97136197560995,20751.5643786898
15,21,14,23,13,-2.7,2392,635,9501.00983674974,4.66324252613849,2.24580934754853,35145.473626431
17,43,34,16,6,-2.3,768,215,5856.00439578342,14.0805195637908,2.1181421656953,33395.7083309382
20,15,37,41,3,-2.7,984,291,7448.39497518387,19.0546040996245,2.93366679269482,51099.7728950634
22,18,16,26,6,-2.8,1248,345,6888.86254857897,11.7093333548308,1.69700094964572,32741.7050282
21,20,38,24,10,-2,1920,515,8300.77796170284,6.64934479079267,2.99981742708545,35759.967490327
23,19,1,14,5,-1.7,560,160,4000.6679517332,13.6541271205016,2.89473650651023,19690.7218247166
27,18,31,14,5,-2.8,560,160,4510.46726538979,15.9365185668607,2.99260189300579,23721.5951120255
25,22,25,20,10,-2.2,1600,431,7818.23230290139,7.68076141147926,2.90664607606318,31202.7439357939
19,31,44,14,12,-2.6,1344,363,7972.96054976445,9.25225223654279,2.97951919012116,31969.6406368898
28,23,36,40,9,-2.5,2880,770,12386.9193261782,9.64079361560727,2.99905346235867,63840.4755696464
28,36,38,45,7,-2.3,2520,683,13693.8018178028,12.3798654093237,2.99927899642322,77072.4470944047
20,24,30,21,6,-2.8,1008,280,6234.20031858598,11.0477499633732,2.14323959812844,30696.0365148328
29,39,19,18,3,-2.6,432,130,5181.26311414054,26.4311861382494,0.590552670981667,38747.4349281151
17,29,37,28,14,-2.5,3136,827,11879.2775403994,4.46585426709993,2.94334405587016,44991.097294316
15,18,36,14,13,-3,1456,392,7912.10289535616,8.40049120562455,2.99015986513874,29472.8542766168
22,21,11,24,10,-2.8,1920,515,8607.73534725734,7.08112393447671,1.8244942682418,34927.9155643543
19,19,42,17,4,-2.8,544,158,4315.02213822164,14.9476809875906,2.91173751270936,21914.2126733034
25,27,3,14,4,-3,448,131,4123.92312259173,18.2154316025192,1.90888968937062,23884.6952104497
21,20,27,24,5,-2.5,960,270,6040.23039944804,13.2319246439974,2.6908946881871,31759.950900089
18,32,21,21,8,-1.6,1344,366,6966.00593948741,8.26486702557487,2.94625626942693,30007.1440611533
28,19,14,30,11,-2.8,2640,702,10852.4340396545,7.82092375982394,2.44038385750651,45350.961138251
23,26,26,42,4,-2.4,1344,383,9534.11917100938,16.8782567943357,2.7996268133144,53715.5662582207
17,16,38,38,13,-1.9,3952,1040,11787.2666610539,4.43356224085134,2.99892683322116,53988.9451699379
29,26,1,26,5,-2.1,1040,292,6961.42821884214,17.0819667641926,2.99930976799759,42806.1409956434
24,15,16,36,5,-2.1,1440,402,7794.94057044211,14.3110118844506,2.99973412048363,39088.9033534538
24,25,12,20,12,-1.6,1920,513,8261.43100879497,6.11120367579231,2.92449362831115,33557.6796263552
16,18,42,29,6,-2.3,1392,384,6962.49141071284,9.28959770571389,2.96846615715279,30356.7145587436
21,42,33,38,13,-1.6,3952,1040,14223.4541797081,6.56492439875937,3.57841874333084,65020.8082795324
26,43,10,19,6,-1.7,912,254,6637.95999378745,14.0737810678615,2.99230263558319,42512.5311762739
24,33,44,17,14,-1.9,1904,508,9682.91090838446,7.9252235380193,2.98796587251177,44555.9565617522
29,26,34,20,5,-2.8,800,226,6141.54609607787,17.0819667641926,2.99022084753983,32405.2152966944
18,30,39,23,12,-2.4,2208,588,9704.73434689068,5.44875217218755,2.9067443311929,37631.0397274591
23,31,35,37,7,-2.6,2072,563,10882.6295964541,10.616699223437,2.94526124151242,50365.2902434744
16,26,31,46,8,-1.9,2944,791,11522.0184471702,7.04035034754122,2.95676988123386,48614.6999426525
20,34,20,42,11,-1.6,3696,978,13077.5491631328,6.37880601827145,2.99927935772247,57038.3113168563
28,26,37,27,12,-2,2592,688,10797.6660123788,7.10914670860943,2.96549965935032,51548.7895926299
29,40,37,36,13,-2.2,3744,986,15067.1818894293,6.91210660842562,2.98792202778136,71816.0594437369
27,32,24,26,11,-1.7,2288,610,9953.40631072298,7.53642974094776,2.99871536745236,45172.2086572598
20,24,19,12,10,-2.1,960,263,6009.95463417047,9.46044932432229,2.97812211040918,23643.9447559053
21,26,30,20,11,-1.6,1760,472,8009.33723412732,6.04743902524148,2.99942868228726,33936.9513276433
24,26,2,30,10,-2,2400,641,9622.24805342992,7.51584670490902,2.3637436113839,42989.5469413579
29,24,30,42,8,-2,2688,723,11927.9536218544,11.0524164367573,2.96621864435306,61554.1076120337
25,18,0,40,4,-2,1280,365,8198.61464549672,18.2154316025192,2.99197324526168,51413.2224621985
22,42,41,24,3,-2.3,576,172,6402.26082360382,24.9520544246635,1.44251576758965,48964.4474767832
28,31,6,23,9,-3,1656,447,8791.69756892395,9.72148479613091,1.58135431956806,41473.2969994717
27,35,28,33,10,-2.3,2640,704,11937.2291525014,8.46153359405164,2.99052054089992,54551.9400580931
25,28,13,41,8,-2.1,2624,706,11616.5211928226,9.81014978918873,2.41354165788449,58771.333543772
16,22,11,34,6,-1.8,1632,449,7745.17912892004,9.22043818511096,2.17321426658003,38716.294640145
18,26,4,37,11,-2.5,3256,863,11835.9572511204,5.72181284179588,1.59781152286018,48845.6446029681
16,35,35,36,7,-1.8,2016,548,9925.69211995594,10.182744938619,2.9232718799193,53032.7936431234
16,19,25,17,6,-2.6,816,228,5003.38963514685,9.42700120778578,1.89238925857583,22081.3650394597
19,42,4,15,6,-2.4,720,202,5471.42290116821,13.8353855478425,1.69301821004049,30679.6973638255
15,19,7,33,8,-2.1,2112,570,8325.33603163861,6.89796953866251,1.63772461539059,34637.4675394944
29,20,44,40,9,-2.2,2880,770,12015.3718794751,9.85667975857302,2.99919381268789,80327.528128971
16,43,37,35,9,-1.7,2520,675,11391.4169623146,9.69467261853865,2.96004080264495,53033.4316324505
21,36,41,29,8,-2.4,1856,502,9711.18420532706,9.34016829067479,2.96966241809295,43095.0117813803
25,44,22,48,5,-2.8,1920,534,14213.9533292646,17.1472194567151,2.27022635213838,105518.985248965
26,29,35,32,12,-2.1,3072,813,12057.6483311481,6.72705706950667,2.99947690765197,55480.1285183747
26,35,12,20,12,-1.8,1920,513,8937.81296775306,6.70916686863053,2.99521876683442,38753.9939124051
28,24,31,37,11,-2,3256,863,12305.7944538444,7.79769551607307,2.9996282372226,58857.4616935177
22,18,11,33,6,-2.9,1584,436,8261.41740391112,11.8276517334522,1.41067138110522,39413.5871637387
16,15,10,16,5,-2.1,640,182,4080.22448810345,10.8743111327389,2.23757025990337,18720.4473577242
21,32,30,25,8,-3,1600,434,8736.29095196927,8.82112377560425,2.12157481603337,42211.5552315718
23,15,0,32,11,-2.1,2816,748,9730.40419924668,6.49868743305198,2.01664467255099,38418.6535908125
23,38,30,35,5,-2.7,1400,391,9998.72350306969,14.8374482328715,2.56837726094888,66696.7243210883
23,34,23,42,7,-1.6,2352,638,11581.2872649635,10.3574717098812,2.95642954274503,59033.5106895287
28,20,3,24,5,-2.2,960,270,6168.35638001675,16.5089496667532,2.46909675081872,34824.0786075764
27,23,9,18,6,-2.9,864,241,5768.56560208175,13.5471553733384,1.50120611868058,28950.5775362754
27,31,11,45,4,-1.6,1440,410,10700.4211831147,19.5908639030047,2.99155068387921,108722.162989522
19,37,34,21,12,-1.9,2016,538,9331.31526940913,6.35210225744091,2.99749763354279,39085.2463433887
27,18,20,28,7,-1.7,1568,428,7596.57794574121,11.512900499949,2.94520929124014,35331.0692657739
16,19,18,27,9,-2.1,1944,523,7861.99823219822,6.29161190194315,2.312589610714,31973.219046011
21,35,13,44,4,-1.9,1408,401,10540.332566464,16.7571138918643,2.97611973942292,119870.267636764
18,30,28,44,14,-2.3,4928,1291,15675.5325888533,4.56403339344794,2.91433099421868,60350.3727042387
25,40,32,27,4,-2,864,248,7634.06045276878,19.0805254164092,2.97525884646419,85016.09980636
28,15,32,15,14,-2,1680,450,8805.53676392576,9.2973252194259,2.86573402292975,40938.1833237445
16,19,9,26,3,-1.9,624,186,4864.71246419351,16.988912612697,0.279406081371419,24048.6373274819
29,15,6,22,3,-2,528,158,4630.57491569541,26.4311861382494,0.249174383760521,26240.218535178
24,16,20,15,11,-3,1320,357,7315.22673775018,8.28942515263954,2.60817934749769,28979.6211679171
27,31,17,43,5,-2.1,1720,479,11093.2842579715,15.9365185668607,2.59428883301402,64823.8077370283
17,26,19,38,4,-2.7,1216,347,8361.41463580899,14.6958799056466,1.8184975797107,48783.9653180707
27,28,24,20,10,-2.7,1600,431,8439.69834618906,8.37292656767706,2.725229406707,37648.8729263133
22,16,36,28,10,-2.2,2240,599,9030.40948605857,6.92846332024709,2.99869155234441,39393.5467230034
24,31,21,42,5,-2.4,1680,468,10767.8168387361,14.7704544927975,2.90682970035924,69625.0695451202
20,35,38,27,11,-2.4,2376,633,10592.611871337,6.65510078394391,2.92902446479577,43849.8872916762
18,34,3,25,3,-2.4,600,179,5830.25472538493,20.4155243920299,0.592785390676784,36375.8282676784
18,24,14,28,10,-1.8,2240,599,8699.36350793291,6.03165478518338,2.82219133953686,36624.4286697428
26,37,26,38,11,-2.7,3344,886,14347.5966729651,7.53148390186624,2.98521605431266,69034.5787587433
29,22,9,39,7,-2.7,2184,593,10825.5006809627,12.6699557011353,1.82781854936053,54742.6264600344
23,38,12,43,10,-1.8,3440,914,13740.4884623944,7.80472923407985,2.98771170597742,70934.2677740688
29,22,12,37,9,-2.9,2664,713,11756.7742974022,9.9708388472886,2.01670249327376,54266.3693489056
25,35,24,36,11,-2.8,3168,840,13591.5088868652,7.29354845834721,2.68965114630899,63010.1396220023
25,33,13,26,6,-2.1,1248,345,7749.75166667086,12.8821106031097,2.65684989215456,45947.4269149869
19,17,28,30,6,-2.9,1440,397,7522.62597339253,10.666588296941,2.37331695908711,35860.7772150137
27,27,44,25,9,-1.7,1800,485,8775.70975009797,9.14538117237634,2.99866891022938,48310.0154644938
28,38,41,43,6,-2,2064,566,12687.7639944788,14.1342613751895,2.81552088612236,77642.6537246973
21,39,8,47,12,-2.6,4512,1188,16900.0595738889,6.74343268458288,1.83118779186674,79152.4144474485
27,24,34,14,5,-1.6,560,160,4541.80716825497,15.9365185668607,2.78017477833389,29563.7161713614
20,25,35,17,4,-2,544,158,4441.97322262525,15.0770413181595,2.99406885300166,25026.6289626689
23,17,4,34,5,-2.4,1360,380,7596.41704019893,14.0883592597247,1.73733652823238,39528.7523718738
22,39,3,18,12,-2.7,1728,463,8780.30160726786,6.75147024889365,1.88655490980781,38627.8327356905
22,23,2,26,9,-2.4,1872,504,8277.19103148857,7.83575273383724,1.58051221687919,35666.3487549063
19,20,3,47,12,-3,4512,1188,15222.730205143,5.51287918355621,1.55780794959372,59199.1396506896
25,34,36,26,9,-2.9,1872,504,9914.98456784936,8.92131933141244,2.9985791286312,48553.8786406102
22,33,41,15,8,-2.1,960,264,6325.38242125675,8.84124346196735,2.98902176829293,28463.2895503783
18,34,34,20,8,-2.2,1280,349,7194.9906975453,8.84120209809685,2.61326713869133,34077.8173641555
29,16,33,28,6,-1.7,1344,371,7303.71649088407,14.3110606296003,2.99986686232215,42669.7072114322
25,20,27,31,10,-2.4,2480,662,10185.2785808583,7.79570327987556,2.96239398192666,42080.2510198056
20,17,38,20,12,-2.1,1920,513,8395.98850119627,6.28783329875743,2.85383443832222,34794.1353927544
22,33,17,23,12,-1.8,2208,588,9394.9396653136,5.88279485372957,2.74477184372201,39367.4852235124
29,21,37,20,5,-2.7,800,226,5898.40865635521,17.0819667641926,2.99746924975688,32770.351733868
22,24,13,47,11,-2,4136,1093,13659.3694472204,6.38335797679306,2.88131919407334,59010.3724824156
15,30,32,21,3,-2.4,504,151,4755.04462258034,18.1689086349475,0.960704520342575,27089.4264478058
16,25,25,13,6,-2.6,624,176,4516.48021971618,9.58213375841644,1.92847488240394,20458.1778356804
16,27,43,39,7,-1.9,2184,593,9804.90674615026,8.18878859995654,2.99414337449465,44616.1367069486
17,20,32,41,9,-1.6,2952,789,10234.7252596298,6.34279649493641,2.99753734896167,44741.0443628344
21,25,39,43,7,-3,2408,653,11797.8956951394,9.99260331267021,2.99118891978188,56458.6967495069
19,29,41,28,11,-3,2464,656,10913.7262163275,5.99389377376372,2.98046057134636,43016.2929264271
23,39,44,41,6,-2.1,1968,540,11849.6313886436,12.8892750325363,2.99632017331146,68223.4826203487
23,19,12,43,3,-2.9,1032,305,8403.04848393193,21.4761744775464,0.871215384871811,51808.9617649303
19,42,4,19,11,-2.4,1672,449,8520.02137962524,7.85756400023639,2.00799407907904,38856.4956396065
20,23,16,17,10,-2.1,1360,368,6845.08673689392,6.587536045135,2.66024027401398,28188.0642320264
19,35,15,26,8,-2.8,1664,451,8819.35612184138,9.18794253294331,1.3840837312692,42232.2494693684
23,30,16,29,7,-1.7,1624,443,8345.05384968604,10.3162775773398,2.86271526754992,40605.9373961171
18,33,27,46,14,-1.8,5152,1349,15561.0523476309,4.8828114858248,2.99927082230687,64234.8114916461
19,42,22,43,5,-2.6,1720,479,11960.6409995217,16.37430203328,1.78387823656022,80849.3844438182
28,26,37,40,6,-1.7,1920,527,10451.1561808244,13.8832664196627,2.95403050553346,67551.8151535349
21,20,16,28,12,-2.9,2688,713,10648.6055270042,5.80004062762325,2.2751924695503,41364.3539623825
21,19,1,41,11,-1.9,3608,955,11470.1966547842,6.11519860086096,2.3039059014742,47132.0880036254
29,21,0,33,4,-2.7,1056,302,7726.92237328227,20.9714555638385,2.79567812969546,46415.0370835284
21,35,19,45,11,-1.9,3960,1047,14362.1498008337,6.59065912800485,2.99927565711357,67278.8010433537
27,27,44,38,14,-2.8,4256,1117,15862.9411981238,6.07304217067388,2.99722969660839,87300.4898712152
29,38,2,20,9,-2.5,1440,390,8112.65436103737,10.0083392430361,2.13500024190682,41603.1147258624
17,42,0,14,14,-2.8,1568,421,8605.8542795166,7.78150763660856,2.36892623447702,36610.5638208323
29,30,36,41,10,-2.9,3280,872,14532.4445558643,9.06839881368704,2.83401223634612,69867.3735758469
25,22,38,32,10,-2.6,2560,683,10878.1685951806,7.86391688338351,2.99128337263925,50766.8630342042
24,31,14,40,6,-2.4,1920,527,10828.3338876624,12.6225034527142,2.00683349639039,62555.3937252329
15,19,27,39,10,-2.3,3120,830,10828.8039498562,5.54264269027891,2.95578386617525,43707.4245073368
17,16,27,27,12,-1.7,2592,688,8949.306645897,4.74799459933952,2.99073006940094,34344.4429931883
17,36,10,37,3,-2.8,888,263,8484.71282111352,21.5448596965968,2.99921118989369,57863.1202266136
24,39,17,35,14,-2.5,3920,1030,14802.0326501304,5.75416902566863,2.65526107362443,66882.4314472031
17,20,15,17,11,-2,1496,403,6990.89664156908,6.43295795503924,2.85513089890811,27343.5015466258
24,43,11,31,11,-2.3,2728,725,12117.4006567516,8.02027553374217,2.36059231803736,60328.4569459539
28,30,29,23,13,-2.8,2392,635,11072.9781672322,6.67630922446353,2.99767394734899,44770.9267941908
16,32,6,28,3,-2.1,672,200,6114.4036421228,19.296988807848,0.260930869196778,35776.7919131644
17,28,21,38,4,-2,1216,347,8282.35033437185,14.1937098145308,2.99741136981509,46744.839584687
15,17,24,32,5,-2.7,1280,358,6948.38430167814,11.0624045995153,1.82096311138661,33029.7533854893
15,37,19,45,8,-2.2,2880,774,12813.7466194398,9.53218092926383,1.73589348791997,66012.3539174801
26,36,25,30,7,-2.4,1680,458,9699.88069364246,11.6738042240264,2.41698300300568,54728.5601923574
19,22,38,44,3,-2.5,1056,312,8468.03773346525,18.3772193732145,2.91793594493781,58182.5849149676
25,40,17,38,13,-1.9,3952,1040,14482.5445091357,6.29689168436967,2.70500936426118,64258.6735176034
26,39,37,43,9,-3,3096,827,15216.0843379729,9.29674935851,2.99934427049103,73294.1596836823
21,33,27,27,9,-2.1,1944,523,9205.99129800253,7.66746670731449,2.75247764089383,44046.5316951027
15,28,30,41,4,-1.9,1312,374,8650.16637478464,13.5188636554444,2.97185376010207,48707.5931110322
21,15,19,46,7,-3,2576,698,11252.2110776492,9.92788445465412,2.25577868442724,51358.7080225112
27,27,44,35,14,-2.8,3920,1030,15008.137185097,6.06587070503008,2.99520942537211,81141.6213674144
27,27,44,38,7,-2.8,2128,578,11321.3155048229,12.0286494547318,2.7708377700047,62107.1895699762
16,27,44,38,14,-2.8,4256,1117,14733.6197341641,4.26350225888016,2.94593599657592,59937.1895484853
27,27,44,21,14,-2.8,2352,624,11168.9515822065,6.55324945425369,2.93775226179822,51781.4886905388
27,27,44,38,14,-3,4256,1117,16211.6872176151,6.10011572360966,2.99996287537044,88376.5026545955
27,34,44,38,14,-2.8,4256,1117,16485.0601448834,6.11079924428313,2.99991307155603,84165.1968615477
27,27,44,34,14,-2.8,3808,1001,14724.9922281809,6.06320118559688,2.98892542400417,79250.3440109833
27,27,4,38,14,-2.8,4256,1117,15056.8928331897,6.08201383143747,2.0986388579574,62089.1225710826
27,27,44,38,4,-2.8,1216,347,9428.09019288006,19.5908639030047,2.99841074999037,61651.8582431155
27,27,44,38,14,-2.5,4256,1117,15357.4384049268,6.03250762582597,2.99972653721293,86188.9798763156
15,34,6,36,5,-3,1440,402,9288.43980019167,13.6124269643474,0.829333723358886,53358.139992014
30,31,8,29,3,-2.8,696,207,7204.89455657556,27.2671424384744,0.947259236767685,51177.1785675796
15,22,10,29,3,-1.8,696,207,5456.51417887987,16.7004442849248,0.300448595949947,26958.2438576232
15,17,31,26,6,-2.8,1248,345,6515.0504310807,9.19873668590545,2.06854308512475,29127.5821642111
15,16,24,22,4,-2.8,704,203,4770.63293742064,13.6303968862305,1.54812690120848,22056.6684481001
16,15,5,25,3,-2.2,600,179,4534.7210170611,17.1999015666761,0.244372004966284,21397.9502052075
15,19,26,19,3,-2.8,456,137,3943.98581814509,17.3284797152007,0.52147126814577,20748.79703869
15,15,32,33,3,-2.9,792,235,5894.07821539934,17.3666882226618,1.36312610280842,34281.0536407047
20,16,7,19,5,-3,760,215,4937.4401517308,12.9601416351213,1.19696506764532,23420.6596485873
16,15,35,14,5,-2.4,560,160,3955.05751174878,10.9139075605956,2.99964577382393,17927.8714824349
17,15,0,12,4,-2.2,384,113,3091.85684068584,13.6674597034367,2.40369461055958,14148.4048028281
20,15,25,12,4,-2.9,384,113,3363.91836448953,15.0969287094363,2.3654611042637,16183.8140032296
19,15,18,12,5,-2.5,480,138,3684.8555926135,11.9820977353767,2.34118327238192,16914.0085679994
15,32,43,12,6,-2.8,576,163,4644.82074160376,11.0985011536865,2.24618388249152,22545.8366993885
21,15,32,35,5,-2.7,1400,391,7781.53531195144,13.3150371665416,2.99782544383331,37930.8257118827
21,45,35,42,5,-2.6,1680,468,12291.9536122654,17.5323854402674,2.70321303900814,91771.2187826567
15,16,25,12,4,-2.9,384,113,3246.34898368027,13.4517548843663,1.71896950457877,14688.5559736845
24,20,7,12,3,-3,288,88,3083.51598256585,22.29317086936,0.279801007785629,16429.3531583823
15,15,33,23,4,-2.8,736,212,4901.78910866389,13.5282647433306,1.96795526340772,22911.3829877721
18,15,12,14,13,-3,1456,392,7633.06138068978,7.9333071468111,2.40225704969623,28927.426980232
20,15,6,19,8,-3,1216,332,6290.13830529872,8.18741397191118,1.28401287746213,25318.5596290396
18,15,25,12,4,-3,384,113,3317.80080323227,14.4732270975622,1.98702458860692,15374.8761988106
15,16,24,13,3,-2.9,312,95,2941.75039085567,17.1195935778337,0.333209491107514,14180.041835434
18,17,7,26,3,-2.4,624,186,4940.34531281414,18.0282575234228,0.388977968285332,24557.1148071373
15,23,14,21,6,-1.7,1008,280,5503.22854153939,8.80378468590707,2.58543756763672,26345.7903728789
16,15,5,22,8,-2.9,1408,383,6636.29674809978,7.30237221521515,1.23114632700792,25980.8411170269
17,21,7,26,3,-2.3,624,186,5114.44403915518,17.7416372791266,0.970002300116891,26399.0651442738
21,16,21,26,7,-2.8,1456,398,7265.9427204431,9.73930759396591,1.99605689051644,32076.9562042888
30,15,0,23,3,-2.2,552,165,4854.20887576319,27.2671424384744,0.17106831410776,27042.2655454135
15,16,16,21,3,-2.9,504,151,4113.31105300223,17.4642585730578,0.358013494477141,20364.1232784473
22,23,4,27,9,-3,1944,523,8950.00022740716,7.98984109896882,1.25733803037611,38023.2196132051
22,38,9,24,8,-2.8,1536,417,8623.97686144989,9.86885702191513,1.30668360247587,44493.9324058407
22,19,16,24,8,-2.7,1536,417,7500.09704060753,8.82110641525433,1.8888405762406,32050.0836698887
22,31,18,18,12,-2.8,1728,463,8749.18954916222,6.31116016767783,2.29619781247813,36045.1491229619
22,15,11,14,8,-2.8,896,247,5419.11907260534,8.54516255632632,1.71535415846933,22368.8004781237
22,15,2,17,13,-2.9,1768,473,8197.71768877042,6.52999476008803,1.94235696882625,30652.9775009489
22,45,3,12,8,-2.6,768,213,5759.09125448622,11.4345721197747,1.92933722500211,29928.0574259077
22,15,3,28,6,-2.8,1344,371,6987.25493832544,11.6889280883057,1.10694351984022,32380.8337274093
22,15,2,18,8,-2.9,1152,315,6091.53001941245,8.69780050504086,1.23855772240724,24740.0427367637
22,15,3,17,11,-2.4,1496,403,7037.03938046442,6.5670475800771,1.95119621346065,26987.1092866103
22,15,0,12,8,-2.8,768,213,4931.20020314939,9.10433352249845,1.39292042583492,20145.6137481051
22,15,11,12,8,-3,768,213,5111.98970672569,9.70301328862585,1.72792194774422,21109.3834590416
22,15,8,14,12,-2.9,1344,363,7212.58590696666,8.19985591095358,2.21433017968904,27704.0037376028
22,18,19,12,14,-3,1344,363,8026.58486878205,9.89938146047551,2.96799341416706,30104.2468141063
22,15,14,25,11,-2.9,2200,587,9178.47921070435,6.42502274790647,2.15666819650501,35453.9235587522
22,22,16,28,10,-2.9,2240,599,9722.44097699428,7.14225994634318,2.03836997244595,40018.6110946811
22,15,11,15,9,-3,1080,295,6122.23257875185,7.76320495449698,1.688122680798,24615.4704473528
22,45,2,14,6,-2.8,672,189,5496.97585627137,14.787768705532,1.45487240761628,31922.9279648062
22,30,3,20,14,-2.7,2240,595,9796.40261537093,5.18442269758038,2.22329607964992,38636.9027418863
22,15,3,12,13,-3,1248,338,7186.10813968799,9.26824758574544,2.21114308057501,28140.0553815188
22,16,1,18,11,-2.9,1584,426,7493.6297274049,6.36277110242424,1.5768167684083,28512.4113540762
22,15,11,12,4,-3,384,113,3364.22027210786,16.1648367905789,1.76223488915606,16100.858775529
22,16,11,12,8,-3,768,213,5132.03561911992,9.63049594986449,1.71452277581526,21218.7007532132
22,15,11,14,8,-3,896,247,5476.05953752211,8.60364941372024,1.59318728786215,22534.7094396574
22,19,11,21,9,-2.7,1512,409,7319.54280535773,7.79677689234873,1.72881751967286,30233.7903245945
22,15,0,20,11,-3,1760,472,7940.15783357109,6.4027476929534,1.4519198809135,30040.7493286757
22,15,8,17,6,-3,816,228,5085.95618273171,11.5284784548996,1.25868590375871,22856.9377011435
22,15,16,17,15,-2.9,2040,543,9450.44523744642,7.03636665405367,2.99960737269636,35465.5172110285
22,15,0,15,7,-3,840,233,5096.0766160507,9.87221576835299,1.02348107502873,21272.8350141555
22,15,16,16,7,-3,896,248,5436.71647358675,9.90754138303441,1.68516947391884,23095.398971595
22,15,4,18,12,-3,1728,463,8047.18299489475,6.25094405305215,1.80485023379761,30278.6488680989
22,15,1,20,9,-3,1440,390,6990.25330782366,7.78316599762787,1.2375124089947,27756.0278062689
22,17,16,21,6,-2.7,1008,280,5860.39172494751,11.5635861577326,1.72797346330719,27467.3563063211
22,30,18,18,12,-2.7,1728,463,8649.21274792382,6.31390438632451,2.40231878684228,35536.8421092151
22,15,11,16,6,-2.7,768,215,4854.38462701371,11.3644928869993,1.53766053047834,21972.5293428461
22,15,2,17,13,-2.7,1768,473,8075.854034356,6.52999476008803,2.06611590551972,30220.2477572441
22,45,13,16,8,-2.7,1024,281,6939.03151256063,11.4573312820644,1.68565107843222,36044.4483503425
22,15,15,21,6,-2.7,1008,280,5761.86296565098,11.5127645047342,1.72919944331038,26534.452412196
22,15,3,18,8,-2.7,1152,315,6022.49241592323,8.63902790729413,1.37345080367984,24588.3005818371
22,15,15,17,11,-2.7,1496,403,7379.48535597183,6.99833493250133,2.39475217280527,28573.2887586117
22,15,0,15,7,-2.7,840,233,5012.74640560529,9.76823617281591,1.15401212148621,21014.8010387495
22,15,11,15,7,-2.7,840,233,5123.91371566454,9.76580417722792,1.63486271070994,21661.5330932867
22,15,8,16,11,-2.7,1408,380,7068.77877589335,7.17434102187583,2.01096604033899,27176.1121960222
22,31,18,15,13,-2.7,1560,419,8431.17573616122,7.57009639100409,2.6943552323368,34172.3816918706
22,16,14,21,10,-2.7,1680,452,7717.11895346936,6.95305095543704,2.14861152540062,30483.6133130678
22,42,15,22,9,-2.7,1584,428,8841.1657053399,9.61891424914161,1.67538875198625,44674.8276529867
22,18,11,17,8,-2.7,1088,298,6028.39989292286,8.68722231821112,1.69796721414661,25319.5547202538
22,45,5,16,6,-2.7,768,215,6014.57751114432,14.7674299151604,1.52497106083361,35545.7850211909
22,28,14,19,14,-2.7,2128,566,9687.4845246521,5.84787460582345,2.60629741408834,37992.9576758445
22,15,14,15,13,-2.7,1560,419,7900.53735264916,7.88931077901691,2.7804398554456,30200.6250321468
22,15,1,18,11,-2.7,1584,426,7351.47438472421,6.29987728425445,1.66994886532454,27919.0430127509
22,23,5,25,4,-3,800,230,6004.63045680833,16.7914769733295,1.50831849537052,32611.2878516146
22,23,0,25,9,-3,1800,485,8440.52224226807,7.97871428152082,1.20594278447155,35538.1389482627
22,15,9,16,9,-2.9,1152,314,6251.22774009513,7.66959559188502,1.63854128740969,24955.751179547
22,19,5,21,10,-2.8,1680,452,7774.27332343807,7.02123188365259,1.57447671294909,31120.2739984814
22,15,2,18,12,-3,1728,463,8011.71679343186,6.17641793540604,1.765389441516,30059.4762272659
22,15,9,23,8,-3,1472,400,7196.68558938508,8.82219016836203,1.42004018532126,29591.1419659053
22,15,14,21,10,-2.8,1680,452,7738.85909649241,6.95920422539595,2.11441313426487,30384.8864372285
22,15,0,16,8,-2.9,1024,281,5688.74177807692,8.64365650192579,1.20509608691291,23056.6509405929
22,15,16,20,8,-2.9,1280,349,6630.0048550642,8.74444877331761,1.88259182378422,27286.7007950186
22,20,6,25,9,-3,1800,485,8346.3168217834,7.93042699181082,1.33648003615844,34676.7270220299
22,20,9,24,8,-3,1536,417,7650.91217156357,8.92461783286981,1.37119939207832,32644.1263200255
22,15,16,24,8,-2.8,1536,417,7353.89503474319,8.78092297177118,1.91932151209244,30699.1522941934
22,18,19,18,12,-3,1728,463,8399.21123863292,6.61455379383026,2.51164104776357,32478.5336133001
22,15,1,17,13,-3,1768,473,8240.67546860975,6.48987546664319,1.84816006143634,30730.4402860925
22,21,6,16,9,-2.9,1152,314,6392.83652216305,7.80844865740487,1.47257851964768,26266.2630698737
22,15,16,26,7,-3,1456,398,7337.00572866876,10.1184151937232,1.66397994074121,31854.9152513968
22,15,2,17,9,-3,1224,333,6396.59096902093,7.71968640990108,1.31481124581694,25380.0869569495
22,15,2,16,12,-2.9,1536,413,7518.79838310361,6.94002009033541,1.84265467533338,28329.3134404583
22,15,0,13,7,-2.9,728,203,4710.25062784617,9.74684312869698,1.09913592864983,19659.7518045853
22,15,11,13,7,-3,728,203,4846.79314365402,9.77955970127502,1.47942370849369,20513.3097282615
22,15,8,14,12,-3,1344,363,7255.44711471313,8.19985591095358,2.12367605973518,27876.1089718614
22,15,19,13,14,-3,1456,392,8191.74205991901,9.31398045314997,2.97094149223716,30408.2706164919
22,15,14,17,11,-3,1496,403,7516.31196543013,6.96531699299445,2.12350567847959,28994.9806352515
22,15,16,18,9,-3,1296,352,6774.33645810983,7.74839557577723,1.91588918345619,27226.8160893821
22,15,4,15,8,-3,960,264,5580.7736960858,8.638283215934,1.28197128881138,22766.6122702069
22,26,2,13,6,-3,624,176,4629.35762647186,11.7914496531582,1.19250843119886,21667.0508357351
22,18,4,21,14,-3,2352,624,9838.37566902674,5.22921576323851,2.05502430824188,36673.6151667743
22,15,4,12,13,-3,1248,338,7207.1217487026,9.32389264617203,2.25794850804308,28212.1475731824
22,15,1,18,11,-3,1584,426,7520.71427467699,6.37089842934369,1.5070451304687,28514.7768988768
22,15,27,16,4,-3,512,149,4101.41989172756,16.1648367905789,2.38863400711064,20271.6094659599
22,15,0,16,6,-3,768,215,4841.18430256519,11.5012604997686,1.03146660760114,21407.8718295608
22,15,13,16,7,-3,896,248,5407.90380639648,9.90600079741222,1.54131466072577,22859.7374688615
22,15,7,21,10,-2.9,1680,452,7703.8779142401,6.97801846021743,1.62230009219812,30116.1547421955
22,15,0,16,13,-3,1664,446,7994.55939886754,6.84778713993343,1.85481592643387,29991.6105147984
22,19,12,18,7,-3,1008,278,5916.87641296357,10.0696398703112,1.38106690634741,25743.3483137193
22,15,23,18,13,-2.7,1872,500,8689.4602314403,6.84817772247774,2.93592392410387,31870.808100505
22,17,0,18,7,-2.8,1008,278,5655.30521735613,9.95496180524885,1.08658285603039,24007.6275204004
22,15,16,18,8,-2.8,1152,315,6207.65576277032,8.67233522003978,1.95686432904463,25612.1861836214
22,16,1,18,12,-2.5,1728,463,7720.70672581913,6.08230469863789,2.01614523561485,29180.7516152757
22,15,26,18,8,-2.9,1152,315,6353.70542655019,8.71119388713638,2.53388916602295,26668.8911558436
22,45,19,18,13,-2.5,1872,500,9726.40032311306,7.08166284683027,2.52094666988266,43437.1198914468
22,45,0,18,8,-2.5,1152,315,7247.49232422839,11.4289627159646,1.59196949847268,38683.073838156
22,35,28,18,14,-2.6,2016,537,9956.37739936334,6.77741051402939,2.93937649022941,38525.5497178538
22,19,20,18,8,-3,1152,315,6473.90863669487,8.82165249074571,1.9501537995775,27359.1418709701
22,27,24,18,13,-3,1872,500,9308.48334760545,6.55931148859137,2.70818960175929,36971.1800601503
22,29,20,18,9,-3,1296,352,7359.354654065,8.03110465559335,1.80179552422938,32316.730605033
22,17,17,18,10,-2.7,1440,389,7194.01954893286,6.92613931599134,2.31174630912949,28615.0604328318
22,36,7,18,12,-2.5,1728,463,8601.14183110807,6.26032922027759,2.12334403647131,37030.0238870643
22,18,22,18,13,-2.7,1872,500,8761.40444636655,6.6997000010072,2.64083252591327,32982.3778130461
